Model: ,Oscilloscope DSO-X 2002A
Serial Number:,MY54313423
Address: ,USB0::0x0957::0x179B::MY54313423::0::INSTR
Date: ,2016-04-04 17:51:07

Analog Sample Count:,1000,

Setup Text Information:,
ANALOG,,,TRIGGER,,,HORIZONTAL,,,ACQUISITION,,,
Ch 1,,,,,,,,,,,,
Scale,2 V/,,Sweep Mode,Auto,,Mode,MAIN,,Mode,NORM,,
Pos,0 V,,Coup,DC,,Ref,CENT,,Realtime,On,,
Coup,DC,,Noise Rej,Off,,Main Scale,1 ms/,,Vectors,On,,
BW,Off,,HF Rej,Off,,Main Delay,0 s,,Persistence,Off,,
Inv,Off,,Holdoff,40.0 ns,,,,,,,,
Imp,1M Ohm,,Mode,EDGE,,,,,,,,
Probe,1 : 1,,Source,Ch 1,,,,,,,,
Skew,0 s,,Slope,POS,,,,,,,,
,,,Level,-120 mV,,,,,,,,

Analog Channels,,,,
Sample Number,Time (s),1 (VOLT),,
1,-0.005,2.09045185148716,,
2,-0.00499,1.28643190860748,,
3,-0.00498,1.12562792003155,,
4,-0.00497,1.04522592574358,,
5,-0.00496,0.964823931455612,,
6,-0.00495,0.804019942879677,,
7,-0.00494,0.804019942879677,,
8,-0.00493,0.643215954303741,,
9,-0.00492,0.643215954303741,,
10,-0.00491,0.562813960015774,,
11,-0.0049,0.562813960015774,,
12,-0.00489,0.562813960015774,,
13,-0.00488,0.482411965727806,,
14,-0.00487,0.482411965727806,,
15,-0.00486,0.482411965727806,,
16,-0.00485,0.482411965727806,,
17,-0.00484,0.482411965727806,,
18,-0.00483,0.402009971439838,,
19,-0.00482,0.402009971439838,,
20,-0.00481,0.402009971439838,,
21,-0.0048,0.402009971439838,,
22,-0.00479,0.321607977151871,,
23,-0.00478,0.402009971439838,,
24,-0.00477,0.402009971439838,,
25,-0.00476,0.402009971439838,,
26,-0.00475,0.402009971439838,,
27,-0.00474,0.402009971439838,,
28,-0.00473,0.321607977151871,,
29,-0.00472,0.402009971439838,,
30,-0.00471,0.321607977151871,,
31,-0.0047,0.321607977151871,,
32,-0.00469,0.321607977151871,,
33,-0.00468,0.321607977151871,,
34,-0.00467,0.321607977151871,,
35,-0.00466,0.321607977151871,,
36,-0.00465,0.321607977151871,,
37,-0.00464,0.321607977151871,,
38,-0.00463,0.321607977151871,,
39,-0.00462,0.402009971439838,,
40,-0.00461,0.321607977151871,,
41,-0.0046,0.321607977151871,,
42,-0.00459,0.321607977151871,,
43,-0.00458,0.402009971439838,,
44,-0.00457,0.321607977151871,,
45,-0.00456,0.321607977151871,,
46,-0.00455,0.321607977151871,,
47,-0.00454,0.321607977151871,,
48,-0.00453,0.321607977151871,,
49,-0.00452,0.321607977151871,,
50,-0.00451,0.321607977151871,,
51,-0.0045,0.321607977151871,,
52,-0.00449,0.321607977151871,,
53,-0.00448,0.321607977151871,,
54,-0.00447,0.402009971439838,,
55,-0.00446,0.321607977151871,,
56,-0.00445,0.321607977151871,,
57,-0.00444,0.321607977151871,,
58,-0.00443,0.402009971439838,,
59,-0.00442,0.402009971439838,,
60,-0.00441,0.321607977151871,,
61,-0.0044,0.321607977151871,,
62,-0.00439,0.321607977151871,,
63,-0.00438,0.402009971439838,,
64,-0.00437,0.321607977151871,,
65,-0.00436,0.321607977151871,,
66,-0.00435,0.321607977151871,,
67,-0.00434,0.321607977151871,,
68,-0.00433,0.321607977151871,,
69,-0.00432,0.321607977151871,,
70,-0.00431,0.321607977151871,,
71,-0.0043,0.321607977151871,,
72,-0.00429,0.321607977151871,,
73,-0.00428,0.321607977151871,,
74,-0.00427,0.321607977151871,,
75,-0.00426,0.321607977151871,,
76,-0.00425,0.321607977151871,,
77,-0.00424,0.321607977151871,,
78,-0.00423,0.402009971439838,,
79,-0.00422,0.321607977151871,,
80,-0.00421,0.402009971439838,,
81,-0.0042,0.321607977151871,,
82,-0.00419,0.321607977151871,,
83,-0.00418,0.321607977151871,,
84,-0.00417,0.321607977151871,,
85,-0.00416,0.321607977151871,,
86,-0.00415,0.321607977151871,,
87,-0.00414,0.321607977151871,,
88,-0.00413,0.321607977151871,,
89,-0.00412,0.321607977151871,,
90,-0.00411,0.321607977151871,,
91,-0.0041,0.321607977151871,,
92,-0.00409,0.321607977151871,,
93,-0.00408,0.321607977151871,,
94,-0.00407,0.321607977151871,,
95,-0.00406,0.321607977151871,,
96,-0.00405,0.321607977151871,,
97,-0.00404,0.321607977151871,,
98,-0.00403,0.321607977151871,,
99,-0.00402,0.321607977151871,,
100,-0.00401,0.321607977151871,,
101,-0.004,0.321607977151871,,
102,-0.00399,0.321607977151871,,
103,-0.00398,0.321607977151871,,
104,-0.00397,0.402009971439838,,
105,-0.00396,0.321607977151871,,
106,-0.00395,0.321607977151871,,
107,-0.00394,0.321607977151871,,
108,-0.00393,0.321607977151871,,
109,-0.00392,0.321607977151871,,
110,-0.00391,0.321607977151871,,
111,-0.0039,0.321607977151871,,
112,-0.00389,0.321607977151871,,
113,-0.00388,0.321607977151871,,
114,-0.00387,0.402009971439838,,
115,-0.00386,0.321607977151871,,
116,-0.00385,0.321607977151871,,
117,-0.00384,0.321607977151871,,
118,-0.00383,0.321607977151871,,
119,-0.00382,0.321607977151871,,
120,-0.00381,0.321607977151871,,
121,-0.0038,0.321607977151871,,
122,-0.00379,0.321607977151871,,
123,-0.00378,0.321607977151871,,
124,-0.00377,0.402009971439838,,
125,-0.00376,0.321607977151871,,
126,-0.00375,-1.68844188004732,,
127,-0.00374,-1.44723589718342,,
128,-0.00373,-1.36683390289545,,
129,-0.00372,-1.28643190860748,,
130,-0.00371,-1.20602991431952,,
131,-0.0037,-1.04522592574358,,
132,-0.00369,-1.04522592574358,,
133,-0.00368,-0.964823931455612,,
134,-0.00367,-0.884421937167645,,
135,-0.00366,-0.884421937167645,,
136,-0.00365,-0.804019942879677,,
137,-0.00364,-0.804019942879677,,
138,-0.00363,-0.723617948591709,,
139,-0.00362,-0.723617948591709,,
140,-0.00361,-0.643215954303741,,
141,-0.0036,-0.643215954303741,,
142,-0.00359,-0.643215954303741,,
143,-0.00358,-0.643215954303741,,
144,-0.00357,-0.643215954303741,,
145,-0.00356,-0.643215954303741,,
146,-0.00355,-0.643215954303741,,
147,-0.00354,-0.643215954303741,,
148,-0.00353,-0.643215954303741,,
149,-0.00352,-0.643215954303741,,
150,-0.00351,-0.643215954303741,,
151,-0.0035,-0.643215954303741,,
152,-0.00349,-0.562813960015774,,
153,-0.00348,-0.643215954303741,,
154,-0.00347,-0.643215954303741,,
155,-0.00346,-0.562813960015774,,
156,-0.00345,-0.562813960015774,,
157,-0.00344,-0.643215954303741,,
158,-0.00343,-0.562813960015774,,
159,-0.00342,-0.562813960015774,,
160,-0.00341,-0.562813960015774,,
161,-0.0034,-0.562813960015774,,
162,-0.00339,-0.562813960015774,,
163,-0.00338,-0.562813960015774,,
164,-0.00337,-0.643215954303741,,
165,-0.00336,-0.562813960015774,,
166,-0.00335,-0.562813960015774,,
167,-0.00334,-0.562813960015774,,
168,-0.00333,-0.643215954303741,,
169,-0.00332,-0.562813960015774,,
170,-0.00331,-0.643215954303741,,
171,-0.0033,-0.562813960015774,,
172,-0.00329,-0.562813960015774,,
173,-0.00328,-0.562813960015774,,
174,-0.00327,-0.562813960015774,,
175,-0.00326,-0.562813960015774,,
176,-0.00325,-0.562813960015774,,
177,-0.00324,-0.643215954303741,,
178,-0.00323,-0.562813960015774,,
179,-0.00322,-0.562813960015774,,
180,-0.00321,-0.643215954303741,,
181,-0.0032,-0.643215954303741,,
182,-0.00319,-0.643215954303741,,
183,-0.00318,-0.562813960015774,,
184,-0.00317,-0.562813960015774,,
185,-0.00316,-0.643215954303741,,
186,-0.00315,-0.562813960015774,,
187,-0.00314,-0.643215954303741,,
188,-0.00313,-0.562813960015774,,
189,-0.00312,-0.562813960015774,,
190,-0.00311,-0.562813960015774,,
191,-0.0031,-0.562813960015774,,
192,-0.00309,-0.562813960015774,,
193,-0.00308,-0.643215954303741,,
194,-0.00307,-0.562813960015774,,
195,-0.00306,-0.562813960015774,,
196,-0.00305,-0.562813960015774,,
197,-0.00304,-0.562813960015774,,
198,-0.00303,-0.562813960015774,,
199,-0.00302,-0.643215954303741,,
200,-0.00301,-0.562813960015774,,
201,-0.003,-0.562813960015774,,
202,-0.00299,-0.562813960015774,,
203,-0.00298,-0.562813960015774,,
204,-0.00297,-0.562813960015774,,
205,-0.00296,-0.562813960015774,,
206,-0.00295,-0.643215954303741,,
207,-0.00294,-0.562813960015774,,
208,-0.00293,-0.562813960015774,,
209,-0.00292,-0.562813960015774,,
210,-0.00291,-0.562813960015774,,
211,-0.0029,-0.643215954303741,,
212,-0.00289,-0.562813960015774,,
213,-0.00288,-0.643215954303741,,
214,-0.00287,-0.562813960015774,,
215,-0.00286,-0.643215954303741,,
216,-0.00285,-0.562813960015774,,
217,-0.00284,-0.562813960015774,,
218,-0.00283,-0.562813960015774,,
219,-0.00282,-0.643215954303741,,
220,-0.00281,-0.562813960015774,,
221,-0.0028,-0.562813960015774,,
222,-0.00279,-0.562813960015774,,
223,-0.00278,-0.562813960015774,,
224,-0.00277,-0.562813960015774,,
225,-0.00276,-0.562813960015774,,
226,-0.00275,-0.562813960015774,,
227,-0.00274,-0.643215954303741,,
228,-0.00273,-0.562813960015774,,
229,-0.00272,-0.562813960015774,,
230,-0.00271,-0.643215954303741,,
231,-0.0027,-0.562813960015774,,
232,-0.00269,-0.562813960015774,,
233,-0.00268,-0.562813960015774,,
234,-0.00267,-0.562813960015774,,
235,-0.00266,-0.562813960015774,,
236,-0.00265,-0.562813960015774,,
237,-0.00264,-0.643215954303741,,
238,-0.00263,-0.562813960015774,,
239,-0.00262,-0.643215954303741,,
240,-0.00261,-0.562813960015774,,
241,-0.0026,-0.562813960015774,,
242,-0.00259,-0.562813960015774,,
243,-0.00258,-0.562813960015774,,
244,-0.00257,-0.562813960015774,,
245,-0.00256,-0.562813960015774,,
246,-0.00255,-0.643215954303741,,
247,-0.00254,-0.562813960015774,,
248,-0.00253,-0.562813960015774,,
249,-0.00252,-0.562813960015774,,
250,-0.00251,-0.562813960015774,,
251,-0.0025,1.44723589718342,,
252,-0.00249,1.20602991431952,,
253,-0.00248,1.12562792003155,,
254,-0.00247,1.04522592574358,,
255,-0.00246,0.884421937167645,,
256,-0.00245,0.804019942879677,,
257,-0.00244,0.723617948591709,,
258,-0.00243,0.723617948591709,,
259,-0.00242,0.643215954303741,,
260,-0.00241,0.643215954303741,,
261,-0.0024,0.562813960015774,,
262,-0.00239,0.562813960015774,,
263,-0.00238,0.562813960015774,,
264,-0.00237,0.482411965727806,,
265,-0.00236,0.482411965727806,,
266,-0.00235,0.482411965727806,,
267,-0.00234,0.402009971439838,,
268,-0.00233,0.402009971439838,,
269,-0.00232,0.402009971439838,,
270,-0.00231,0.321607977151871,,
271,-0.0023,0.402009971439838,,
272,-0.00229,0.402009971439838,,
273,-0.00228,0.402009971439838,,
274,-0.00227,0.321607977151871,,
275,-0.00226,0.402009971439838,,
276,-0.00225,0.321607977151871,,
277,-0.00224,0.321607977151871,,
278,-0.00223,0.402009971439838,,
279,-0.00222,0.402009971439838,,
280,-0.00221,0.321607977151871,,
281,-0.0022,0.321607977151871,,
282,-0.00219,0.321607977151871,,
283,-0.00218,0.321607977151871,,
284,-0.00217,0.321607977151871,,
285,-0.00216,0.321607977151871,,
286,-0.00215,0.321607977151871,,
287,-0.00214,0.321607977151871,,
288,-0.00213,0.321607977151871,,
289,-0.00212,0.321607977151871,,
290,-0.00211,0.321607977151871,,
291,-0.0021,0.402009971439838,,
292,-0.00209,0.321607977151871,,
293,-0.00208,0.402009971439838,,
294,-0.00207,0.321607977151871,,
295,-0.00206,0.321607977151871,,
296,-0.00205,0.321607977151871,,
297,-0.00204,0.321607977151871,,
298,-0.00203,0.321607977151871,,
299,-0.00202,0.321607977151871,,
300,-0.00201,0.321607977151871,,
301,-0.002,0.321607977151871,,
302,-0.00199,0.402009971439838,,
303,-0.00198,0.321607977151871,,
304,-0.00197,0.321607977151871,,
305,-0.00196,0.321607977151871,,
306,-0.00195,0.321607977151871,,
307,-0.00194,0.321607977151871,,
308,-0.00193,0.321607977151871,,
309,-0.00192,0.321607977151871,,
310,-0.00191,0.321607977151871,,
311,-0.0019,0.321607977151871,,
312,-0.00189,0.321607977151871,,
313,-0.00188,0.321607977151871,,
314,-0.00187,0.402009971439838,,
315,-0.00186,0.321607977151871,,
316,-0.00185,0.402009971439838,,
317,-0.00184,0.321607977151871,,
318,-0.00183,0.321607977151871,,
319,-0.00182,0.321607977151871,,
320,-0.00181,0.321607977151871,,
321,-0.0018,0.321607977151871,,
322,-0.00179,0.321607977151871,,
323,-0.00178,0.321607977151871,,
324,-0.00177,0.321607977151871,,
325,-0.00176,0.402009971439838,,
326,-0.00175,0.321607977151871,,
327,-0.00174,0.321607977151871,,
328,-0.00173,0.321607977151871,,
329,-0.00172,0.321607977151871,,
330,-0.00171,0.402009971439838,,
331,-0.0017,0.321607977151871,,
332,-0.00169,0.321607977151871,,
333,-0.00168,0.321607977151871,,
334,-0.00167,0.321607977151871,,
335,-0.00166,0.321607977151871,,
336,-0.00165,0.321607977151871,,
337,-0.00164,0.321607977151871,,
338,-0.00163,0.321607977151871,,
339,-0.00162,0.321607977151871,,
340,-0.00161,0.321607977151871,,
341,-0.0016,0.321607977151871,,
342,-0.00159,0.321607977151871,,
343,-0.00158,0.321607977151871,,
344,-0.00157,0.321607977151871,,
345,-0.00156,0.241205982863903,,
346,-0.00155,0.321607977151871,,
347,-0.00154,0.321607977151871,,
348,-0.00153,0.321607977151871,,
349,-0.00152,0.321607977151871,,
350,-0.00151,0.321607977151871,,
351,-0.0015,0.321607977151871,,
352,-0.00149,0.321607977151871,,
353,-0.00148,0.321607977151871,,
354,-0.00147,0.321607977151871,,
355,-0.00146,0.321607977151871,,
356,-0.00145,0.321607977151871,,
357,-0.00144,0.321607977151871,,
358,-0.00143,0.321607977151871,,
359,-0.00142,0.321607977151871,,
360,-0.00141,0.321607977151871,,
361,-0.0014,0.321607977151871,,
362,-0.00139,0.321607977151871,,
363,-0.00138,0.321607977151871,,
364,-0.00137,0.321607977151871,,
365,-0.00136,0.402009971439838,,
366,-0.00135,0.321607977151871,,
367,-0.00134,0.321607977151871,,
368,-0.00133,0.402009971439838,,
369,-0.00132,0.321607977151871,,
370,-0.00131,0.402009971439838,,
371,-0.0013,0.321607977151871,,
372,-0.00129,0.321607977151871,,
373,-0.00128,0.321607977151871,,
374,-0.00127,0.321607977151871,,
375,-0.00126,0.321607977151871,,
376,-0.00125,-1.60803988575935,,
377,-0.00124,-1.52763789147139,,
378,-0.00123,-1.36683390289545,,
379,-0.00122,-1.28643190860748,,
380,-0.00121,-1.12562792003155,,
381,-0.0012,-1.12562792003155,,
382,-0.00119,-0.964823931455612,,
383,-0.00118,-0.964823931455612,,
384,-0.00117,-0.884421937167645,,
385,-0.00116,-0.884421937167645,,
386,-0.00115,-0.804019942879677,,
387,-0.00114,-0.804019942879677,,
388,-0.00113,-0.804019942879677,,
389,-0.00112,-0.723617948591709,,
390,-0.00111,-0.723617948591709,,
391,-0.0011,-0.723617948591709,,
392,-0.00109,-0.723617948591709,,
393,-0.00108,-0.643215954303741,,
394,-0.00107,-0.723617948591709,,
395,-0.00106,-0.643215954303741,,
396,-0.00105,-0.643215954303741,,
397,-0.00104,-0.643215954303741,,
398,-0.00103,-0.643215954303741,,
399,-0.00102,-0.643215954303741,,
400,-0.00101,-0.643215954303741,,
401,-0.001,-0.643215954303741,,
402,-0.00099,-0.562813960015774,,
403,-0.00098,-0.562813960015774,,
404,-0.00097,-0.562813960015774,,
405,-0.00096,-0.643215954303741,,
406,-0.000949999999999999,-0.643215954303741,,
407,-0.00094,-0.562813960015774,,
408,-0.000929999999999999,-0.562813960015774,,
409,-0.00092,-0.562813960015774,,
410,-0.000909999999999999,-0.562813960015774,,
411,-0.0009,-0.562813960015774,,
412,-0.00089,-0.643215954303741,,
413,-0.00088,-0.562813960015774,,
414,-0.00087,-0.562813960015774,,
415,-0.00086,-0.562813960015774,,
416,-0.00085,-0.562813960015774,,
417,-0.00084,-0.562813960015774,,
418,-0.00083,-0.562813960015774,,
419,-0.00082,-0.562813960015774,,
420,-0.00081,-0.562813960015774,,
421,-0.0008,-0.562813960015774,,
422,-0.00079,-0.562813960015774,,
423,-0.000779999999999999,-0.562813960015774,,
424,-0.00077,-0.643215954303741,,
425,-0.000759999999999999,-0.643215954303741,,
426,-0.00075,-0.562813960015774,,
427,-0.000739999999999999,-0.562813960015774,,
428,-0.00073,-0.562813960015774,,
429,-0.00072,-0.562813960015774,,
430,-0.00071,-0.562813960015774,,
431,-0.0007,-0.562813960015774,,
432,-0.00069,-0.562813960015774,,
433,-0.00068,-0.562813960015774,,
434,-0.00067,-0.562813960015774,,
435,-0.00066,-0.562813960015774,,
436,-0.00065,-0.643215954303741,,
437,-0.00064,-0.562813960015774,,
438,-0.000629999999999999,-0.643215954303741,,
439,-0.00062,-0.562813960015774,,
440,-0.000609999999999999,-0.562813960015774,,
441,-0.0006,-0.562813960015774,,
442,-0.000589999999999999,-0.562813960015774,,
443,-0.00058,-0.562813960015774,,
444,-0.000569999999999999,-0.562813960015774,,
445,-0.00056,-0.643215954303741,,
446,-0.00055,-0.562813960015774,,
447,-0.00054,-0.562813960015774,,
448,-0.00053,-0.562813960015774,,
449,-0.00052,-0.562813960015774,,
450,-0.00051,-0.643215954303741,,
451,-0.0005,-0.562813960015774,,
452,-0.00049,-0.643215954303741,,
453,-0.00048,-0.643215954303741,,
454,-0.00047,-0.643215954303741,,
455,-0.000459999999999999,-0.562813960015774,,
456,-0.00045,-0.562813960015774,,
457,-0.000439999999999999,-0.562813960015774,,
458,-0.00043,-0.643215954303741,,
459,-0.000419999999999999,-0.562813960015774,,
460,-0.00041,-0.562813960015774,,
461,-0.000399999999999999,-0.562813960015774,,
462,-0.00039,-0.643215954303741,,
463,-0.00038,-0.562813960015774,,
464,-0.00037,-0.562813960015774,,
465,-0.00036,-0.562813960015774,,
466,-0.00035,-0.562813960015774,,
467,-0.00034,-0.562813960015774,,
468,-0.00033,-0.643215954303741,,
469,-0.00032,-0.562813960015774,,
470,-0.00031,-0.562813960015774,,
471,-0.0003,-0.562813960015774,,
472,-0.000289999999999999,-0.562813960015774,,
473,-0.00028,-0.562813960015774,,
474,-0.000269999999999999,-0.562813960015774,,
475,-0.00026,-0.562813960015774,,
476,-0.000249999999999999,-0.562813960015774,,
477,-0.00024,-0.562813960015774,,
478,-0.000229999999999999,-0.562813960015774,,
479,-0.00022,-0.562813960015774,,
480,-0.00021,-0.562813960015774,,
481,-0.0002,-0.562813960015774,,
482,-0.00019,-0.562813960015774,,
483,-0.00018,-0.562813960015774,,
484,-0.00017,-0.562813960015774,,
485,-0.00016,-0.643215954303741,,
486,-0.00015,-0.562813960015774,,
487,-0.00014,-0.562813960015774,,
488,-0.00013,-0.562813960015774,,
489,-0.000119999999999999,-0.562813960015774,,
490,-0.00011,-0.562813960015774,,
491,-9.99999999999994E-05,-0.562813960015774,,
492,-8.99999999999998E-05,-0.562813960015774,,
493,-7.99999999999993E-05,-0.643215954303741,,
494,-6.99999999999998E-05,-0.562813960015774,,
495,-5.99999999999993E-05,-0.562813960015774,,
496,-4.99999999999997E-05,-0.562813960015774,,
497,-4.00000000000001E-05,-0.562813960015774,,
498,-2.99999999999996E-05,-0.562813960015774,,
499,-2.00000000000001E-05,-0.562813960015774,,
500,-9.99999999999959E-06,-0.562813960015774,,
501,0,1.36683390289545,,
502,1.00000000000005E-05,1.28643190860748,,
503,2.00000000000001E-05,1.12562792003155,,
504,3.00000000000005E-05,1.04522592574358,,
505,4.00000000000001E-05,0.884421937167645,,
506,5.00000000000006E-05,0.884421937167645,,
507,6.00000000000002E-05,0.723617948591709,,
508,7.00000000000006E-05,0.723617948591709,,
509,8.00000000000002E-05,0.643215954303741,,
510,9.00000000000007E-05,0.643215954303741,,
511,0.0001,0.562813960015774,,
512,0.000110000000000001,0.562813960015774,,
513,0.00012,0.562813960015774,,
514,0.00013,0.482411965727806,,
515,0.00014,0.482411965727806,,
516,0.00015,0.402009971439838,,
517,0.00016,0.402009971439838,,
518,0.00017,0.402009971439838,,
519,0.00018,0.402009971439838,,
520,0.00019,0.402009971439838,,
521,0.000200000000000001,0.402009971439838,,
522,0.00021,0.402009971439838,,
523,0.000220000000000001,0.402009971439838,,
524,0.00023,0.321607977151871,,
525,0.000240000000000001,0.321607977151871,,
526,0.00025,0.321607977151871,,
527,0.000260000000000001,0.402009971439838,,
528,0.00027,0.321607977151871,,
529,0.000280000000000001,0.402009971439838,,
530,0.00029,0.321607977151871,,
531,0.0003,0.321607977151871,,
532,0.00031,0.321607977151871,,
533,0.00032,0.321607977151871,,
534,0.00033,0.321607977151871,,
535,0.00034,0.402009971439838,,
536,0.00035,0.321607977151871,,
537,0.00036,0.402009971439838,,
538,0.000370000000000001,0.402009971439838,,
539,0.00038,0.321607977151871,,
540,0.000390000000000001,0.321607977151871,,
541,0.0004,0.402009971439838,,
542,0.000410000000000001,0.321607977151871,,
543,0.00042,0.321607977151871,,
544,0.000430000000000001,0.321607977151871,,
545,0.00044,0.402009971439838,,
546,0.000450000000000001,0.402009971439838,,
547,0.00046,0.321607977151871,,
548,0.00047,0.321607977151871,,
549,0.00048,0.402009971439838,,
550,0.00049,0.321607977151871,,
551,0.0005,0.402009971439838,,
552,0.00051,0.402009971439838,,
553,0.000520000000000001,0.321607977151871,,
554,0.00053,0.321607977151871,,
555,0.000540000000000001,0.321607977151871,,
556,0.00055,0.402009971439838,,
557,0.000560000000000001,0.321607977151871,,
558,0.00057,0.321607977151871,,
559,0.000580000000000001,0.321607977151871,,
560,0.00059,0.321607977151871,,
561,0.000600000000000001,0.402009971439838,,
562,0.00061,0.321607977151871,,
563,0.000620000000000001,0.321607977151871,,
564,0.00063,0.402009971439838,,
565,0.00064,0.321607977151871,,
566,0.00065,0.402009971439838,,
567,0.00066,0.321607977151871,,
568,0.00067,0.321607977151871,,
569,0.00068,0.321607977151871,,
570,0.000690000000000001,0.402009971439838,,
571,0.0007,0.402009971439838,,
572,0.000710000000000001,0.321607977151871,,
573,0.00072,0.321607977151871,,
574,0.000730000000000001,0.321607977151871,,
575,0.00074,0.321607977151871,,
576,0.000750000000000001,0.321607977151871,,
577,0.00076,0.321607977151871,,
578,0.000770000000000001,0.321607977151871,,
579,0.00078,0.321607977151871,,
580,0.000790000000000001,0.321607977151871,,
581,0.0008,0.321607977151871,,
582,0.00081,0.321607977151871,,
583,0.00082,0.321607977151871,,
584,0.00083,0.321607977151871,,
585,0.00084,0.321607977151871,,
586,0.00085,0.321607977151871,,
587,0.000860000000000001,0.321607977151871,,
588,0.00087,0.321607977151871,,
589,0.000880000000000001,0.321607977151871,,
590,0.00089,0.402009971439838,,
591,0.000900000000000001,0.321607977151871,,
592,0.00091,0.321607977151871,,
593,0.000920000000000001,0.321607977151871,,
594,0.00093,0.321607977151871,,
595,0.000940000000000001,0.321607977151871,,
596,0.00095,0.321607977151871,,
597,0.000960000000000001,0.321607977151871,,
598,0.00097,0.402009971439838,,
599,0.00098,0.321607977151871,,
600,0.00099,0.321607977151871,,
601,0.001,0.321607977151871,,
602,0.00101,0.321607977151871,,
603,0.00102,0.321607977151871,,
604,0.00103,0.321607977151871,,
605,0.00104,0.321607977151871,,
606,0.00105,0.321607977151871,,
607,0.00106,0.321607977151871,,
608,0.00107,0.321607977151871,,
609,0.00108,0.321607977151871,,
610,0.00109,0.321607977151871,,
611,0.0011,0.321607977151871,,
612,0.00111,0.321607977151871,,
613,0.00112,0.321607977151871,,
614,0.00113,0.321607977151871,,
615,0.00114,0.321607977151871,,
616,0.00115,0.321607977151871,,
617,0.00116,0.321607977151871,,
618,0.00117,0.321607977151871,,
619,0.00118,0.321607977151871,,
620,0.00119,0.321607977151871,,
621,0.0012,0.321607977151871,,
622,0.00121,0.321607977151871,,
623,0.00122,0.321607977151871,,
624,0.00123,0.321607977151871,,
625,0.00124,0.321607977151871,,
626,0.00125,-1.36683390289545,,
627,0.00126,-1.52763789147139,,
628,0.00127,-1.36683390289545,,
629,0.00128,-1.28643190860748,,
630,0.00129,-1.20602991431952,,
631,0.0013,-1.04522592574358,,
632,0.00131,-1.04522592574358,,
633,0.00132,-0.964823931455612,,
634,0.00133,-0.884421937167645,,
635,0.00134,-0.884421937167645,,
636,0.00135,-0.884421937167645,,
637,0.00136,-0.804019942879677,,
638,0.00137,-0.723617948591709,,
639,0.00138,-0.723617948591709,,
640,0.00139,-0.723617948591709,,
641,0.0014,-0.723617948591709,,
642,0.00141,-0.723617948591709,,
643,0.00142,-0.643215954303741,,
644,0.00143,-0.643215954303741,,
645,0.00144,-0.643215954303741,,
646,0.00145,-0.643215954303741,,
647,0.00146,-0.723617948591709,,
648,0.00147,-0.643215954303741,,
649,0.00148,-0.643215954303741,,
650,0.00149,-0.643215954303741,,
651,0.0015,-0.643215954303741,,
652,0.00151,-0.643215954303741,,
653,0.00152,-0.562813960015774,,
654,0.00153,-0.643215954303741,,
655,0.00154,-0.643215954303741,,
656,0.00155,-0.643215954303741,,
657,0.00156,-0.643215954303741,,
658,0.00157,-0.562813960015774,,
659,0.00158,-0.643215954303741,,
660,0.00159,-0.562813960015774,,
661,0.0016,-0.562813960015774,,
662,0.00161,-0.643215954303741,,
663,0.00162,-0.643215954303741,,
664,0.00163,-0.643215954303741,,
665,0.00164,-0.562813960015774,,
666,0.00165,-0.562813960015774,,
667,0.00166,-0.562813960015774,,
668,0.00167,-0.562813960015774,,
669,0.00168,-0.562813960015774,,
670,0.00169,-0.643215954303741,,
671,0.0017,-0.562813960015774,,
672,0.00171,-0.643215954303741,,
673,0.00172,-0.562813960015774,,
674,0.00173,-0.562813960015774,,
675,0.00174,-0.562813960015774,,
676,0.00175,-0.643215954303741,,
677,0.00176,-0.562813960015774,,
678,0.00177,-0.562813960015774,,
679,0.00178,-0.643215954303741,,
680,0.00179,-0.643215954303741,,
681,0.0018,-0.562813960015774,,
682,0.00181,-0.643215954303741,,
683,0.00182,-0.562813960015774,,
684,0.00183,-0.562813960015774,,
685,0.00184,-0.643215954303741,,
686,0.00185,-0.562813960015774,,
687,0.00186,-0.562813960015774,,
688,0.00187,-0.643215954303741,,
689,0.00188,-0.643215954303741,,
690,0.00189,-0.562813960015774,,
691,0.0019,-0.562813960015774,,
692,0.00191,-0.562813960015774,,
693,0.00192,-0.562813960015774,,
694,0.00193,-0.643215954303741,,
695,0.00194,-0.562813960015774,,
696,0.00195,-0.562813960015774,,
697,0.00196,-0.562813960015774,,
698,0.00197,-0.562813960015774,,
699,0.00198,-0.643215954303741,,
700,0.00199,-0.643215954303741,,
701,0.002,-0.562813960015774,,
702,0.00201,-0.562813960015774,,
703,0.00202,-0.643215954303741,,
704,0.00203,-0.562813960015774,,
705,0.00204,-0.562813960015774,,
706,0.00205,-0.643215954303741,,
707,0.00206,-0.643215954303741,,
708,0.00207,-0.562813960015774,,
709,0.00208,-0.643215954303741,,
710,0.00209,-0.562813960015774,,
711,0.0021,-0.643215954303741,,
712,0.00211,-0.562813960015774,,
713,0.00212,-0.562813960015774,,
714,0.00213,-0.643215954303741,,
715,0.00214,-0.562813960015774,,
716,0.00215,-0.562813960015774,,
717,0.00216,-0.643215954303741,,
718,0.00217,-0.562813960015774,,
719,0.00218,-0.643215954303741,,
720,0.00219,-0.643215954303741,,
721,0.0022,-0.562813960015774,,
722,0.00221,-0.562813960015774,,
723,0.00222,-0.643215954303741,,
724,0.00223,-0.643215954303741,,
725,0.00224,-0.562813960015774,,
726,0.00225,-0.562813960015774,,
727,0.00226,-0.643215954303741,,
728,0.00227,-0.562813960015774,,
729,0.00228,-0.643215954303741,,
730,0.00229,-0.562813960015774,,
731,0.0023,-0.562813960015774,,
732,0.00231,-0.562813960015774,,
733,0.00232,-0.562813960015774,,
734,0.00233,-0.562813960015774,,
735,0.00234,-0.562813960015774,,
736,0.00235,-0.562813960015774,,
737,0.00236,-0.562813960015774,,
738,0.00237,-0.643215954303741,,
739,0.00238,-0.643215954303741,,
740,0.00239,-0.562813960015774,,
741,0.0024,-0.562813960015774,,
742,0.00241,-0.562813960015774,,
743,0.00242,-0.562813960015774,,
744,0.00243,-0.562813960015774,,
745,0.00244,-0.562813960015774,,
746,0.00245,-0.562813960015774,,
747,0.00246,-0.643215954303741,,
748,0.00247,-0.562813960015774,,
749,0.00248,-0.562813960015774,,
750,0.00249,-0.562813960015774,,
751,0.0025,1.36683390289545,,
752,0.00251,1.28643190860748,,
753,0.00252,1.12562792003155,,
754,0.00253,0.964823931455612,,
755,0.00254,0.964823931455612,,
756,0.00255,0.804019942879677,,
757,0.00256,0.804019942879677,,
758,0.00257,0.723617948591709,,
759,0.00258,0.643215954303741,,
760,0.00259,0.562813960015774,,
761,0.0026,0.562813960015774,,
762,0.00261,0.482411965727806,,
763,0.00262,0.562813960015774,,
764,0.00263,0.482411965727806,,
765,0.00264,0.482411965727806,,
766,0.00265,0.482411965727806,,
767,0.00266,0.402009971439838,,
768,0.00267,0.402009971439838,,
769,0.00268,0.402009971439838,,
770,0.00269,0.402009971439838,,
771,0.0027,0.402009971439838,,
772,0.00271,0.402009971439838,,
773,0.00272,0.402009971439838,,
774,0.00273,0.402009971439838,,
775,0.00274,0.402009971439838,,
776,0.00275,0.402009971439838,,
777,0.00276,0.402009971439838,,
778,0.00277,0.321607977151871,,
779,0.00278,0.402009971439838,,
780,0.00279,0.321607977151871,,
781,0.0028,0.402009971439838,,
782,0.00281,0.402009971439838,,
783,0.00282,0.321607977151871,,
784,0.00283,0.321607977151871,,
785,0.00284,0.321607977151871,,
786,0.00285,0.402009971439838,,
787,0.00286,0.321607977151871,,
788,0.00287,0.321607977151871,,
789,0.00288,0.402009971439838,,
790,0.00289,0.321607977151871,,
791,0.0029,0.321607977151871,,
792,0.00291,0.321607977151871,,
793,0.00292,0.321607977151871,,
794,0.00293,0.402009971439838,,
795,0.00294,0.321607977151871,,
796,0.00295,0.321607977151871,,
797,0.00296,0.321607977151871,,
798,0.00297,0.402009971439838,,
799,0.00298,0.321607977151871,,
800,0.00299,0.321607977151871,,
801,0.003,0.321607977151871,,
802,0.00301,0.321607977151871,,
803,0.00302,0.321607977151871,,
804,0.00303,0.321607977151871,,
805,0.00304,0.321607977151871,,
806,0.00305,0.321607977151871,,
807,0.00306,0.321607977151871,,
808,0.00307,0.402009971439838,,
809,0.00308,0.321607977151871,,
810,0.00309,0.321607977151871,,
811,0.0031,0.321607977151871,,
812,0.00311,0.321607977151871,,
813,0.00312,0.321607977151871,,
814,0.00313,0.402009971439838,,
815,0.00314,0.402009971439838,,
816,0.00315,0.321607977151871,,
817,0.00316,0.321607977151871,,
818,0.00317,0.321607977151871,,
819,0.00318,0.321607977151871,,
820,0.00319,0.321607977151871,,
821,0.0032,0.321607977151871,,
822,0.00321,0.321607977151871,,
823,0.00322,0.321607977151871,,
824,0.00323,0.321607977151871,,
825,0.00324,0.321607977151871,,
826,0.00325,0.321607977151871,,
827,0.00326,0.321607977151871,,
828,0.00327,0.321607977151871,,
829,0.00328,0.321607977151871,,
830,0.00329,0.321607977151871,,
831,0.0033,0.321607977151871,,
832,0.00331,0.321607977151871,,
833,0.00332,0.321607977151871,,
834,0.00333,0.321607977151871,,
835,0.00334,0.321607977151871,,
836,0.00335,0.321607977151871,,
837,0.00336,0.321607977151871,,
838,0.00337,0.321607977151871,,
839,0.00338,0.321607977151871,,
840,0.00339,0.321607977151871,,
841,0.0034,0.321607977151871,,
842,0.00341,0.321607977151871,,
843,0.00342,0.321607977151871,,
844,0.00343,0.321607977151871,,
845,0.00344,0.321607977151871,,
846,0.00345,0.321607977151871,,
847,0.00346,0.321607977151871,,
848,0.00347,0.321607977151871,,
849,0.00348,0.321607977151871,,
850,0.00349,0.321607977151871,,
851,0.0035,0.321607977151871,,
852,0.00351,0.402009971439838,,
853,0.00352,0.321607977151871,,
854,0.00353,0.321607977151871,,
855,0.00354,0.321607977151871,,
856,0.00355,0.321607977151871,,
857,0.00356,0.321607977151871,,
858,0.00357,0.321607977151871,,
859,0.00358,0.402009971439838,,
860,0.00359,0.321607977151871,,
861,0.0036,0.321607977151871,,
862,0.00361,0.321607977151871,,
863,0.00362,0.321607977151871,,
864,0.00363,0.321607977151871,,
865,0.00364,0.321607977151871,,
866,0.00365,0.321607977151871,,
867,0.00366,0.321607977151871,,
868,0.00367,0.321607977151871,,
869,0.00368,0.321607977151871,,
870,0.00369,0.321607977151871,,
871,0.0037,0.321607977151871,,
872,0.00371,0.321607977151871,,
873,0.00372,0.321607977151871,,
874,0.00373,0.402009971439838,,
875,0.00374,0.321607977151871,,
876,0.00375,-1.60803988575935,,
877,0.00376,-1.52763789147139,,
878,0.00377,-1.36683390289545,,
879,0.00378,-1.20602991431952,,
880,0.00379,-1.20602991431952,,
881,0.0038,-1.12562792003155,,
882,0.00381,-0.964823931455612,,
883,0.00382,-0.964823931455612,,
884,0.00383,-0.964823931455612,,
885,0.00384,-0.884421937167645,,
886,0.00385,-0.884421937167645,,
887,0.00386,-0.723617948591709,,
888,0.00387,-0.723617948591709,,
889,0.00388,-0.723617948591709,,
890,0.00389,-0.723617948591709,,
891,0.0039,-0.643215954303741,,
892,0.00391,-0.643215954303741,,
893,0.00392,-0.643215954303741,,
894,0.00393,-0.643215954303741,,
895,0.00394,-0.643215954303741,,
896,0.00395,-0.723617948591709,,
897,0.00396,-0.643215954303741,,
898,0.00397,-0.643215954303741,,
899,0.00398,-0.643215954303741,,
900,0.00399,-0.643215954303741,,
901,0.004,-0.643215954303741,,
902,0.00401,-0.643215954303741,,
903,0.00402,-0.643215954303741,,
904,0.00403,-0.562813960015774,,
905,0.00404,-0.643215954303741,,
906,0.00405,-0.643215954303741,,
907,0.00406,-0.643215954303741,,
908,0.00407,-0.643215954303741,,
909,0.00408,-0.562813960015774,,
910,0.00409,-0.643215954303741,,
911,0.0041,-0.562813960015774,,
912,0.00411,-0.562813960015774,,
913,0.00412,-0.643215954303741,,
914,0.00413,-0.562813960015774,,
915,0.00414,-0.562813960015774,,
916,0.00415,-0.643215954303741,,
917,0.00416,-0.643215954303741,,
918,0.00417,-0.562813960015774,,
919,0.00418,-0.562813960015774,,
920,0.00419,-0.562813960015774,,
921,0.0042,-0.562813960015774,,
922,0.00421,-0.562813960015774,,
923,0.00422,-0.562813960015774,,
924,0.00423,-0.562813960015774,,
925,0.00424,-0.562813960015774,,
926,0.00425,-0.643215954303741,,
927,0.00426,-0.562813960015774,,
928,0.00427,-0.643215954303741,,
929,0.00428,-0.562813960015774,,
930,0.00429,-0.562813960015774,,
931,0.0043,-0.562813960015774,,
932,0.00431,-0.643215954303741,,
933,0.00432,-0.562813960015774,,
934,0.00433,-0.562813960015774,,
935,0.00434,-0.562813960015774,,
936,0.00435,-0.562813960015774,,
937,0.00436,-0.562813960015774,,
938,0.00437,-0.562813960015774,,
939,0.00438,-0.562813960015774,,
940,0.00439,-0.562813960015774,,
941,0.0044,-0.562813960015774,,
942,0.00441,-0.562813960015774,,
943,0.00442,-0.562813960015774,,
944,0.00443,-0.562813960015774,,
945,0.00444,-0.562813960015774,,
946,0.00445,-0.562813960015774,,
947,0.00446,-0.562813960015774,,
948,0.00447,-0.562813960015774,,
949,0.00448,-0.562813960015774,,
950,0.00449,-0.562813960015774,,
951,0.0045,-0.562813960015774,,
952,0.00451,-0.562813960015774,,
953,0.00452,-0.643215954303741,,
954,0.00453,-0.643215954303741,,
955,0.00454,-0.562813960015774,,
956,0.00455,-0.643215954303741,,
957,0.00456,-0.562813960015774,,
958,0.00457,-0.562813960015774,,
959,0.00458,-0.562813960015774,,
960,0.00459,-0.643215954303741,,
961,0.0046,-0.562813960015774,,
962,0.00461,-0.562813960015774,,
963,0.00462,-0.562813960015774,,
964,0.00463,-0.643215954303741,,
965,0.00464,-0.562813960015774,,
966,0.00465,-0.643215954303741,,
967,0.00466,-0.643215954303741,,
968,0.00467,-0.562813960015774,,
969,0.00468,-0.643215954303741,,
970,0.00469,-0.562813960015774,,
971,0.0047,-0.562813960015774,,
972,0.00471,-0.562813960015774,,
973,0.00472,-0.562813960015774,,
974,0.00473,-0.562813960015774,,
975,0.00474,-0.643215954303741,,
976,0.00475,-0.562813960015774,,
977,0.00476,-0.562813960015774,,
978,0.00477,-0.562813960015774,,
979,0.00478,-0.562813960015774,,
980,0.00479,-0.562813960015774,,
981,0.0048,-0.562813960015774,,
982,0.00481,-0.562813960015774,,
983,0.00482,-0.562813960015774,,
984,0.00483,-0.562813960015774,,
985,0.00484,-0.562813960015774,,
986,0.00485,-0.562813960015774,,
987,0.00486,-0.562813960015774,,
988,0.00487,-0.562813960015774,,
989,0.00488,-0.643215954303741,,
990,0.00489,-0.562813960015774,,
991,0.0049,-0.562813960015774,,
992,0.00491,-0.562813960015774,,
993,0.00492,-0.643215954303741,,
994,0.00493,-0.562813960015774,,
995,0.00494,-0.562813960015774,,
996,0.00495,-0.562813960015774,,
997,0.00496,-0.562813960015774,,
998,0.00497,-0.562813960015774,,
999,0.00498,-0.562813960015774,,
1000,0.00499,-0.562813960015774,,
